filename,d1_ratio,d2_ratio,d3_d5_ratio,high_freq_energy,peak_count,fft_0_25_ratio,fft_125_200_ratio,strike_count,offset_x_y,offset_y_z,max_x,max_y,max_z
non_event_med_sd_u2.csv,0.508482784966305,0.26411715276759823,0.22740006226609677,0.7725999377339032,66,0.14953316920444523,0.24895337472646842,655,16126.395395395395,-341.64064064064064,17140,1012,1504
non_event_med_sd_u3.csv,0.500306067276169,0.2676615883045155,0.23203234441931558,0.7679676555806845,78,0.14546422275245705,0.2406636915546826,686,16125.102102102102,-334.5865865865866,17196,1392,1468
non_event_med_sd_u4.csv,0.5289249439368149,0.2537845621156305,0.2172904939475546,0.7827095060524454,77,0.1556646041125527,0.2547580747325319,676,16126.544544544544,-329.8898898898899,17184,1036,1460
non_event_med_sd_u5.csv,0.493348091351458,0.2605083672002349,0.2461435414483071,0.7538564585516929,88,0.15592132703136144,0.2429021534096587,688,16124.75975975976,-325.9079079079079,17192,1024,1472
non_event_med_sd_u6.csv,0.49781705562164236,0.2783110340842884,0.22387191029406922,0.7761280897059308,66,0.15201578061315804,0.24978816679912977,675,16128.515515515515,-322.73873873873873,17172,1028,1436
non_event_med_sd_u7.csv,0.4955969472470602,0.26800263314313627,0.23640041960980346,0.7635995803901965,68,0.1470834550066492,0.2452196522842067,693,16129.966966966967,-319.59559559559557,17172,1040,1424
non_event_med_sd_u8.csv,0.5096491559232835,0.2714562067867415,0.218894637289975,0.7811053627100251,57,0.1531979112167372,0.24526449227704375,690,16130.422422422422,-321.0950950950951,17164,1044,1468
non_event_med_sd_u9.csv,0.5072057616804385,0.268318414154721,0.22447582416484058,0.7755241758351595,66,0.15120994346028047,0.2411922082444091,669,16130.8008008008,-320.55555555555554,17168,1028,1480
non_event_med_sd_u10.csv,0.5181261501821293,0.25247080358853846,0.22940304622933225,0.7705969537706677,79,0.1551614106525963,0.2513736722081654,671,16132.015015015015,-321.12812812812814,17168,1068,1496
non_event_med_sd_u11.csv,0.5316002354607802,0.2518398113647121,0.21655995317450774,0.7834400468254923,86,0.14441914180564974,0.2545677106615183,677,16132.471471471472,-322.5365365365365,17172,1024,1468
non_event_med_sd_u12.csv,0.5053837884217716,0.2567115185290417,0.23790469304918674,0.7620953069508133,79,0.1578577637082399,0.23702490696425693,684,16129.904904904904,-323.3973973973974,17180,1064,1440
non_event_med_sd_u13.csv,0.5046940925293366,0.24422320084265053,0.2510827066280129,0.7489172933719872,73,0.16243822942134467,0.2445274051436513,680,16132.037037037036,-321.6126126126126,17172,1052,1452
non_event_med_sd_u14.csv,0.5073071415217336,0.2720664612327548,0.22062639724551153,0.7793736027544884,76,0.14999010980689761,0.2469135036144578,687,16130.671671671671,-322.07507507507506,17156,1064,1460
non_event_med_sd_u15.csv,0.5244292670962032,0.2584792969438456,0.21709143595995126,0.7829085640400488,80,0.14418337486066643,0.253020724315049,689,16129.467467467468,-322.47447447447445,17192,1048,1436
non_event_med_sd_u16.csv,0.5004984288884633,0.2748175974136877,0.22468397369784898,0.775316026302151,80,0.14589861369636203,0.24675247193447228,666,16126.25025025025,-324.2162162162162,17168,1072,1492
non_event_med_sd_u17.csv,0.5224177507890838,0.2506013281896387,0.22698092102127748,0.7730190789787226,70,0.14753471755443437,0.2556530392690235,690,16128.104104104104,-327.4984984984985,17172,1076,1452
non_event_med_sd_u18.csv,0.5241712702168109,0.2539616171137575,0.22186711266943157,0.7781328873305684,74,0.14835693330106794,0.2443922782407257,696,16129.856856856857,-327.8408408408408,17200,1040,1440
non_event_med_sd_u19.csv,0.525127230243051,0.24576736277047995,0.22910540698646906,0.7708945930135309,70,0.1488735723601851,0.2569956060221866,680,16126.50950950951,-326.74674674674674,17220,1056,1484
non_event_med_sd_u20.csv,0.5428571031516853,0.2478588774205752,0.20928401942773944,0.7907159805722606,72,0.14200875951760192,0.25604990249244197,679,16126.625625625626,-327.3693693693694,17168,1060,1440
non_event_med_sd_u21.csv,0.5253681206544784,0.25712150272416695,0.2175103766213547,0.7824896233786454,71,0.14672137254046536,0.2586717680945072,689,16124.075075075076,-328.67667667667666,17176,1072,1508
non_event_med_sd_u22.csv,0.5045743570436729,0.2684317011675995,0.22699394178872745,0.7730060582112724,70,0.14715730099471544,0.24182087916411807,678,16121.652652652652,-330.2182182182182,17160,1044,1488
non_event_med_sd_u23.csv,0.5024025754953887,0.2594852659110897,0.2381121585935216,0.7618878414064785,80,0.15733974596355083,0.2410981001567777,655,16122.651651651651,-331.73373373373374,17168,1072,1484
non_event_med_sd_u24.csv,0.517105997209199,0.2751577413812956,0.20773626140950546,0.7922637385904947,79,0.14752171612637796,0.25048494967417834,668,16122.222222222223,-330.7067067067067,17152,1048,1452
non_event_med_sd_u25.csv,0.5102324861418851,0.2509784810175979,0.23878903284051708,0.761210967159483,75,0.15431628604571343,0.24954153046789096,664,16122.74974974975,-331.6996996996997,17168,1028,1536
non_event_short_i2.csv,0.4926142378829242,0.24848855716360338,0.2588972049534724,0.7411027950465275,79,0.16748751177683222,0.24220570330393232,682,16993.256256256256,-642.4394394394394,17176,212,892
non_event_short_i3.csv,0.4771002456049922,0.28057370323986247,0.2423260511551453,0.7576739488448547,81,0.15006050673018154,0.22962265117288327,670,16996.213213213214,-642.3923923923924,17172,212,920
non_event_short_i4.csv,0.4887531268535304,0.271144822903891,0.2401020502425785,0.7598979497574214,78,0.1580282209523051,0.23882706310359642,661,16997.174174174175,-634.0430430430431,17168,208,916
non_event_short_i5.csv,0.4791202400862726,0.26566666843204484,0.25521309148168264,0.7447869085183174,56,0.15898362301004776,0.24119195029732265,666,17000.096096096095,-626.4334334334334,17176,188,940
non_event_short_i6.csv,0.494687980945003,0.25178129460431253,0.25353072445068436,0.7464692755493155,56,0.1546729206500599,0.24336611331209962,653,17003.068068068067,-623.9799799799799,17196,224,944
non_event_short_i7.csv,0.49886354147527523,0.27040632751844196,0.23073013100628278,0.7692698689937172,87,0.1517402504319105,0.24131449370852723,666,17011.253253253253,-622.6786786786787,17188,204,860
non_event_short_i8.csv,0.495942993541752,0.2625699614781147,0.2414870449801333,0.7585129550198666,85,0.15782118291046102,0.2433030420325324,674,17011.534534534534,-616.6946946946947,17196,244,904
non_event_short_i9.csv,0.481269576009342,0.28474993113794966,0.23398049285270825,0.7660195071472917,78,0.15196623189960395,0.24249159974603451,671,17012.935935935937,-611.6876876876877,17184,192,852
non_event_short_i10.csv,0.5069495530475582,0.2595203300116115,0.23353011694083037,0.7664698830591696,71,0.15168115449493966,0.24717542183115607,680,17018.359359359358,-611.4794794794794,17208,212,832
non_event_short_i11.csv,0.4864026183968472,0.24866539213609032,0.26493198946706253,0.7350680105329375,72,0.16572511618403976,0.24490114794632872,649,17022.359359359358,-610.1101101101101,17192,208,840
non_event_short_i12.csv,0.501324029660505,0.2620758763553055,0.23660009398418952,0.7633999060158105,83,0.1515807643092556,0.25172384199203895,667,17025.996996996997,-604.5385385385385,17200,244,860
non_event_short_i13.csv,0.4866215040219882,0.2762021796150809,0.23717631636293082,0.7628236836370692,72,0.1511167720611285,0.24669533040272296,678,17031.076076076075,-604.1501501501501,17180,224,868
non_event_short_i14.csv,0.49405461603549916,0.26798430442498383,0.23796107953951695,0.7620389204604829,78,0.15580077167537656,0.24368878496226562,654,17034.534534534534,-602.941941941942,17176,260,884
non_event_short_i15.csv,0.4847339566309415,0.2631328488818048,0.2521331944872537,0.7478668055127463,68,0.1584723656967142,0.2459821762996531,653,17035.073073073072,-600.0750750750751,17192,252,824
non_event_short_i16.csv,0.4902714429797117,0.2700882391376029,0.23964031788268533,0.7603596821173146,85,0.15671776232646653,0.2409014611894533,648,17037.764764764765,-598.6726726726727,17200,216,836
non_event_short_i17.csv,0.49618329797982663,0.26453444645644714,0.23928225556372618,0.7607177444362738,60,0.15706448506225928,0.24045712655731505,663,17041.925925925927,-597.5505505505505,17196,232,828
non_event_short_i18.csv,0.48499835161656546,0.27671114338386493,0.23829050499956966,0.7617094950004304,82,0.15426052366632573,0.23829608539982475,689,17045.62062062062,-592.2352352352352,17172,252,844
non_event_short_i19.csv,0.49070343022003365,0.2778804502967534,0.23141611948321292,0.768583880516787,85,0.15213697585221375,0.2362281573092523,675,17047.226226226227,-591.911911911912,17180,252,872
non_event_short_i20.csv,0.49643398801696204,0.26542595881564346,0.2381400531673945,0.7618599468326055,81,0.1534571326881121,0.23524212728563232,639,17048.483483483484,-586.3673673673674,17200,236,780
non_event_short_i21.csv,0.4785817962467247,0.2840582475199635,0.23735995623331185,0.7626400437666883,59,0.15779989609259706,0.2394480673538542,676,17049.50950950951,-585.0520520520521,17188,252,836
non_event_short_i22.csv,0.4824780118098143,0.2698567508823955,0.2476652373077901,0.7523347626922099,73,0.16215829401327816,0.23529565380983325,685,17053.48848848849,-587.3863863863863,17216,248,800
non_event_short_i23.csv,0.48642270926426345,0.2760342241458764,0.23754306658986013,0.7624569334101399,84,0.16130035942264556,0.23695743817536832,676,17055.22122122122,-584.4764764764765,17200,224,804
non_event_short_i24.csv,0.4928799184337443,0.272790552676189,0.23432952889006667,0.7656704711099334,59,0.15521874767484597,0.23878981258427406,672,17057.451451451452,-583.933933933934,17192,260,816
non_event_short_i25.csv,0.5130868784093187,0.24779188438578822,0.23912123720489312,0.7608787627951069,75,0.1531381958908472,0.25186129527924034,666,17059.12012012012,-583.1451451451452,17208,244,824
non_event_short_sd_i1.csv,0.46344901165268154,0.2862310826846325,0.2503199056626859,0.7496800943373141,74,0.1582253255525366,0.22742712509515634,652,16989.46846846847,-646.3373373373373,17184,188,912
non_event_far_sd_t2.csv,0.5334908628842292,0.23785115786647637,0.22865797924929449,0.7713420207507056,84,0.16097907456078928,0.25597307676170783,672,17053.715715715716,-1174.931931931932,17212,716,1604
non_event_far_sd_t3.csv,0.4971304117389914,0.25919760734911307,0.2436719809118955,0.7563280190881045,73,0.15266628709869037,0.2452376550019658,659,17059.244244244244,-1165.2152152152153,17244,972,1460
non_event_far_sd_t4.csv,0.4970684827982732,0.2653046147879766,0.23762690241375015,0.7623730975862498,64,0.14799377892826904,0.24284085630772723,671,17068.578578578577,-1165.5585585585586,17200,308,1352
non_event_far_sd_t5.csv,0.500382662422666,0.2824726132383983,0.2171447243389357,0.7828552756610643,77,0.14737324930348517,0.24597297229373624,689,17067.68968968969,-1161.5435435435436,17224,288,1356
non_event_far_sd_t6.csv,0.5098940855735168,0.26232324241148036,0.2277826720150029,0.7722173279849971,86,0.14940288055460849,0.250073274808124,698,17071.25025025025,-1155.01001001001,17184,296,1380
non_event_far_sd_t7.csv,0.5181814115473988,0.26409719302025336,0.21772139543234784,0.7822786045676522,73,0.15108859806502623,0.23765152193696593,682,17074.754754754755,-1156.014014014014,17248,276,1388
non_event_far_sd_t8.csv,0.5097805640248367,0.26156929530293194,0.2286501406722313,0.7713498593277687,71,0.14991536247826187,0.24850669084366261,671,17071.03003003003,-1155.7497497497498,17216,256,1352
non_event_far_sd_t9.csv,0.5151765458177193,0.2449541581342773,0.23986929604800344,0.7601307039519967,81,0.1472303450762968,0.25704332980254124,681,17072.962962962964,-1147.2562562562562,17212,288,1356
non_event_far_sd_t10.csv,0.5142830212760408,0.25294796675721337,0.23276901196674588,0.7672309880332542,72,0.1484176310952152,0.25092328741807707,679,17080.632632632634,-1148.2332332332332,17216,292,1372
non_event_far_sd_t11.csv,0.5200096737269306,0.2528961227316088,0.22709420354146057,0.7729057964585394,67,0.14956455450208997,0.24080704630154126,684,17078.087087087086,-1145.7907907907909,17228,244,1340
non_event_far_sd_t12.csv,0.49371681035422316,0.2670531800582043,0.23923000958757262,0.7607699904124274,87,0.15156825923947764,0.24537443665550748,684,17081.691691691693,-1144.1811811811813,17204,288,1348
non_event_far_sd_t13.csv,0.5085838077962316,0.26382732225324446,0.2275888699505239,0.772411130049476,86,0.15315478571068683,0.24786460476229244,669,17083.04204204204,-1139.3673673673675,17192,320,1328
non_event_far_sd_t14.csv,0.5092234821998812,0.24721200200844767,0.24356451579167113,0.756435484208329,82,0.1483753806267501,0.2531893588035807,677,17082.382382382384,-1138.8418418418419,17224,260,1336
non_event_far_sd_t15.csv,0.503199297448521,0.26590853816133675,0.23089216439014218,0.7691078356098577,73,0.14893760184200885,0.24508287570872336,675,17082.41941941942,-1140.2032032032032,17228,260,1356
non_event_far_sd_t16.csv,0.4955715158715728,0.2707274777047361,0.23370100642369113,0.7662989935763089,65,0.15218572283103987,0.25177267111235474,661,17084.65965965966,-1134.3173173173172,17272,636,1320
non_event_far_sd_t17.csv,0.5148266615046537,0.28200752016504066,0.20316581833030561,0.7968341816696944,76,0.1432998543306277,0.2517053465782052,687,17083.29229229229,-1136.148148148148,17320,412,1308
non_event_far_sd_t18.csv,0.5230727937808008,0.24854174226652248,0.22838546395267667,0.7716145360473233,74,0.1506636765757659,0.25033833047904924,685,17084.686686686688,-1138.082082082082,17208,260,1356
non_event_far_sd_t19.csv,0.5077064821543743,0.27097637521816376,0.2213171426274619,0.7786828573725381,62,0.1503281899332369,0.2379806598426871,699,17092.7997997998,-1140.3153153153153,17200,296,1348
non_event_far_sd_t20.csv,0.5060253924608961,0.2545299430926644,0.23944466444643953,0.7605553355535605,75,0.14880872951919338,0.23750943928953355,685,17097.097097097096,-1137.1221221221222,17192,328,1332
non_event_far_sd_t21.csv,0.5170174902563156,0.2508085206914347,0.2321739890522497,0.7678260109477504,77,0.149112895254474,0.2600229639619181,660,17096.357357357356,-1135.3733733733734,17260,804,1460
non_event_far_sd_t22.csv,0.4989894469501656,0.2593814986970496,0.24162905435278478,0.7583709456472152,73,0.14900474922615653,0.23770580737180402,681,17099.744744744745,-1138.5725725725727,17200,320,1320
non_event_far_sd_t23.csv,0.5039819595673699,0.25407599014795956,0.24194205028467047,0.7580579497153295,66,0.15677008495787126,0.24419653545982092,657,17099.735735735736,-1139.5905905905906,17204,368,1328
non_event_far_sd_t24.csv,0.5094566674845663,0.2571051610161638,0.23343817149926982,0.7665618285007301,64,0.15227547539052086,0.24915633687851288,680,17097.026026026026,-1139.3053053053054,17220,300,1332
non_event_far_sd_t25.csv,0.5164124713586207,0.2623515399218939,0.22123598871948538,0.7787640112805145,86,0.14898465645511855,0.2513365500219881,679,17094.972972972973,-1143.7607607607608,17224,252,1392
mac_short_sd_j5.csv,0.4296495271830892,0.2396728898235504,0.3306775829933605,0.6693224170066396,18,0.21874217332826598,0.22602801727561556,84,17304.865865865864,-1618.0415415415416,32767,32768,21196
mac_short_sd_j6.csv,0.46749841486150856,0.2430453274896263,0.2894562576488652,0.7105437423511348,12,0.19895984606438774,0.24031791713010756,83,17271.68743743744,-1604.0415415415416,32767,32767,30248
mac_short_sd_j7.csv,0.48303133341920534,0.20823896854775029,0.3087296980330444,0.6912703019669556,22,0.2175766598044544,0.2230879914376305,69,17350.46046046046,-1589.2134634634635,32767,32768,30828
mac_short_sd_j8.csv,0.43617817578181933,0.21584133634974334,0.3479804878684374,0.6520195121315626,13,0.24264385143613698,0.23091481820053728,67,17331.662662662664,-1644.5945945945946,32767,32767,32768
mac_short_sd_j9.csv,0.3759462604540717,0.22990408508177482,0.3941496544641536,0.6058503455358465,16,0.26472338483467367,0.22554957651458704,69,17350.253003003003,-1609.7017017017017,32767,27848,32768
mac_short_sd_j10.csv,0.3841812208159621,0.16490425625793798,0.4509145229260999,0.5490854770739001,23,0.2693735882432814,0.2169630027040997,74,17246.76026026026,-1573.0763263263264,32767,32767,32768
mac_short_sd_j11.csv,0.4544693115346799,0.1849721259985909,0.3605585624667291,0.6394414375332708,24,0.25157427401466376,0.23817789672947562,64,17325.17017017017,-1583.931931931932,32767,32767,32768
mac_short_sd_j12.csv,0.4135349195326052,0.2334143535445349,0.3530507269228599,0.6469492730771401,17,0.25260401007112293,0.21653273182187857,76,17306.835085085084,-1572.7985485485485,32767,32767,32768
mac_short_sd_j13.csv,0.4045301853682925,0.17465512593744292,0.42081468869426464,0.5791853113057355,10,0.2738647026704788,0.22133995579353308,59,17359.26151151151,-1589.9056556556557,32767,32767,32768
mac_short_sd_j14.csv,0.47617412449376684,0.1897032355584321,0.3341226399478011,0.665877360052199,9,0.23414465186950503,0.2503482408183466,31,17349.663163163164,-1569.954954954955,32767,28096,32768
mac_short_sd_j15.csv,0.44422554568977707,0.19483335500768162,0.3609410993025413,0.6390589006974587,17,0.2605083291409546,0.24302909223694685,82,17350.24124124124,-1590.1734234234234,32767,32767,32768
mac_short_sd_j16.csv,0.320940787047753,0.2687417390709998,0.41031747388124723,0.5896825261187528,19,0.2863182127623972,0.18266088871625655,65,17343.455455455456,-1570.9344344344345,32767,32768,32768
mac_short_sd_j17.csv,0.37893696336732763,0.19641814779087224,0.4246448888418002,0.5753551111581998,17,0.2864794582498213,0.19663139572867372,72,17339.931931931933,-1553.2747747747749,32767,24580,32768
mac_short_sd_j18.csv,0.4287054808318405,0.19050679106042476,0.3807877281077347,0.6192122718922652,21,0.24756635630524745,0.26087956817068,61,17394.35185185185,-1581.1073573573574,32767,32767,32768
mac_short_sd_j19.csv,0.4445863208097817,0.18543653567428423,0.36997714351593397,0.630022856484066,21,0.27528143237379715,0.2088381011502134,64,17284.705205205206,-1531.9206706706707,32767,29088,32768
mac_short_sd_j20.csv,0.4992582351257977,0.19631376133193174,0.30442800354227056,0.6955719964577294,16,0.22593925949493537,0.23312469408217726,72,17298.744494494495,-1580.640890890891,32767,32767,32768
mac_short_sd_j21.csv,0.4476523640569132,0.14905024330648187,0.403297392636605,0.5967026073633951,7,0.26408425158416143,0.23214099829938453,45,17342.28128128128,-1570.1636636636636,32767,32768,32768
mac_short_sd_j22.csv,0.3619303997896606,0.21308451166235634,0.4249850885479831,0.5750149114520169,18,0.27525683150893276,0.23438119701629362,62,17297.244494494495,-1541.93993993994,32767,32767,32768
mac_short_sd_j23.csv,0.42000096172216334,0.18575752073856794,0.3942415175392687,0.6057584824607313,22,0.25266132416659254,0.2379071917360677,65,17299.666916916918,-1565.1108608608608,32767,27648,32768
mac_short_sd_j24.csv,0.3904962366240526,0.16879027962649723,0.4407134837494502,0.5592865162505498,19,0.27793144546089643,0.1928405160279857,62,17335.07957957958,-1543.715965965966,32767,32768,32768
mac_short_sd_j25.csv,0.40991375043391437,0.21828609399332505,0.3718001555727605,0.6281998444272394,16,0.24328928942126604,0.23098036434493074,62,17292.193693693695,-1526.1864364364365,30024,32767,32768
mac_med_sd_l3.csv,0.17005572463892474,0.14647611372125485,0.6834681616398204,0.3165318383601796,10,0.3741034387758101,0.1560229194025787,40,16524.864614614613,736.548048048048,32768,32768,32768
mac_med_sd_l4.csv,0.2937884718387862,0.2233346079864769,0.4828769201747369,0.5171230798252631,23,0.3039065904196774,0.1968455923821658,71,16553.30155155155,719.958958958959,32767,32768,32768
mac_med_sd_l5.csv,0.24712327804343123,0.15479662566402114,0.5980800962925475,0.40191990370745234,13,0.3504419563617223,0.18012959264561035,66,16512.793293293293,723.7012012012012,32767,32768,32768
mac_med_sd_l6.csv,0.24920923974231649,0.23978015556790452,0.511010604689779,0.488989395310221,31,0.33699288363733026,0.15639965397101518,80,16496.587587587586,845.3200700700701,32768,32768,32768
mac_med_sd_l7.csv,0.2529614598272511,0.1653824795432129,0.581656060629536,0.418343939370464,19,0.36269299278151296,0.16202657410790694,63,16589.52152152152,711.2947947947948,32768,32768,32768
mac_med_sd_l8.csv,0.235715507554066,0.1857557020951116,0.5785287903508225,0.4214712096491776,22,0.3300814736736846,0.16467842791370996,79,16510.974474474475,817.8003003003003,32768,32768,32768
mac_med_sd_l9.csv,0.2607110346781281,0.23048751903413467,0.5088014462877373,0.4911985537122628,19,0.3360803529789771,0.1582743843779081,82,16514.23123123123,751.5738238238238,32768,32768,32768
mac_med_sd_l10.csv,0.4368922320676123,0.19572787204223435,0.36737989589015335,0.6326201041098467,26,0.2674469791971365,0.20459611381341958,99,16578.845845845844,711.5873373373373,32767,32768,32767
mac_med_sd_l11.csv,0.3085270938719487,0.1942549686413267,0.49721793748672455,0.5027820625132754,22,0.30080553348924843,0.18801473914927128,76,16539.83058058058,749.0227727727728,32768,32768,32768
mac_med_sd_l12.csv,0.2687324760492505,0.2009578039881376,0.530309719962612,0.4696902800373881,18,0.31231606276309964,0.19377495671054734,79,16524.327827827827,813.6931931931932,32767,32768,32768
mac_med_sd_l13.csv,0.3585623262642098,0.1878285995500656,0.4536090741857246,0.5463909258142754,18,0.2960877232629153,0.1825312730678291,74,16496.079079079078,807.4927427427427,32767,32767,32768
mac_med_sd_l14.csv,0.2456223646932555,0.25725513036307923,0.4971225049436653,0.5028774950563347,19,0.3022878205623682,0.1665722979249788,67,16497.97822822823,839.8736236236236,32767,32767,32768
mac_med_sd_l15.csv,0.24304544517355114,0.15180669964002735,0.6051478551864214,0.3948521448135785,19,0.3517369965448439,0.17923526429715583,78,16611.576576576575,644.0565565565565,32768,32768,32768
mac_med_sd_l16.csv,0.3111229709832423,0.15500279532298894,0.5338742336937686,0.46612576630623126,17,0.3127973665557652,0.1931189992248839,87,16532.393393393395,734.9484484484484,32768,32768,32768
mac_med_sd_l17.csv,0.36610104209620653,0.25446827751267076,0.37943068039112265,0.6205693196088773,17,0.2844790174100528,0.18162310814722898,90,16535.515015015015,696.6686686686687,32767,32767,32768
mac_med_sd_l18.csv,0.32030227818329404,0.160845532663798,0.5188521891529079,0.481147810847092,10,0.33460108606452726,0.19181828785660932,79,16589.206706706707,748.7384884884885,32768,32768,32768
mac_med_sd_l19.csv,0.4031191042778804,0.16834220476265221,0.4285386909594674,0.5714613090405326,21,0.2840495775734138,0.21568833652764402,79,16566.713963963964,746.0277777777778,32767,32767,30996
mac_med_sd_l20.csv,0.4162916746255427,0.1618319228202004,0.4218764025542569,0.578123597445743,20,0.28932760996314905,0.20951893723666892,70,16583.013513513513,720.5252752752752,32768,31364,32768
mac_med_sd_l21.csv,0.44724052496299027,0.18751514708613598,0.36524432795087375,0.6347556720491263,19,0.26713206418821195,0.20095960540732313,96,16601.553303303303,784.288038038038,32768,30404,32768
mac_med_sd_l22.csv,0.3389975926334956,0.2453318265286541,0.4156705808378503,0.5843294191621498,24,0.29275394441674435,0.1844741010478552,93,16532.06056056056,754.3475975975975,32767,32767,32768
mac_med_sd_l23.csv,0.38535530506535004,0.2514318959180906,0.36321279901655934,0.6367872009834407,28,0.2703661730313493,0.20149936909673058,96,16549.744994994995,736.2985485485485,32767,32767,32768
mac_med_sd_l24.csv,0.416168034433582,0.17015970975786862,0.41367225580854944,0.5863277441914506,13,0.2626698785105942,0.2193421568346844,86,16597.224224224225,689.9314314314314,32767,29644,32768
mac_med_sd_l25.csv,0.29065914225582834,0.17666461125670507,0.5326762464874665,0.4673237535125334,15,0.31549206513817946,0.18170988749126463,79,16610.068068068067,728.7372372372372,32767,32768,32768
mac_far_sd_s3.csv,0.563870444340978,0.1933327722183145,0.24279678344070754,0.7572032165592925,22,0.20659722794438767,0.30237198479137384,94,16651.923423423425,-1228.5382882882882,32767,32636,32767
mac_far_sd_s4.csv,0.5966405563085596,0.20049139955151196,0.2028680441399285,0.7971319558600716,22,0.19294869634504133,0.3256175570294147,97,16657.931431431432,-1177.3831331331332,32767,25576,32767
mac_far_sd_s5.csv,0.5602703408044338,0.16358461194708793,0.27614504724847827,0.7238549527515218,23,0.1936513790352416,0.32352690763369685,107,16631.674424424426,-1156.9106606606606,32767,32264,32767
mac_far_sd_s6.csv,0.6721810358685266,0.12606007863809185,0.2017588854933816,0.7982411145066185,23,0.21365105716750452,0.35546973218344496,97,16679.163163163164,-1182.2132132132133,32767,27836,29504
mac_far_sd_s7.csv,0.6017519916891102,0.1468186027195748,0.251429405591315,0.748570594408685,25,0.21241435932151004,0.3193891918103937,120,16682.441941941943,-1192.9589589589589,32767,24748,27832
mac_far_sd_s8.csv,0.6785607828474532,0.1457772732963659,0.17566194385618092,0.8243380561438192,25,0.17555851774092782,0.3655726969174892,109,16665.068818818818,-1136.147147147147,32767,23064,28668
mac_far_sd_s9.csv,0.6133845563013528,0.11212590011619789,0.2744895435824493,0.7255104564175507,22,0.22851714108776872,0.36328955139010977,112,16662.161661661663,-1165.7637637637638,32767,27504,31028
mac_far_sd_s10.csv,0.5854770149183239,0.12649280526738874,0.2880301798142874,0.7119698201857126,16,0.22383217320729212,0.3501646558068435,83,16717.027777777777,-1171.6716716716717,32767,28656,26608
mac_far_sd_s11.csv,0.4582906916805245,0.18399169913020727,0.35771760918926826,0.6422823908107318,23,0.25386574912891435,0.27956944116774446,98,16726.82257257257,-1194.6526526526527,32767,32768,25596
mac_far_sd_s12.csv,0.44026118159999894,0.15463395891802137,0.4051048594819797,0.5948951405180203,16,0.27702095858097303,0.2640395003753018,108,16703.655155155157,-1131.2642642642643,32767,32768,32767
mac_far_sd_s13.csv,0.7505913145657842,0.09266678031463585,0.15674190511958006,0.84325809488042,10,0.14658945489826317,0.3841354430162662,133,16714.182182182183,-1155.5595595595596,29340,17776,23424
mac_far_sd_s14.csv,0.5957630505825728,0.138842809564842,0.2653941398525852,0.7346058601474148,19,0.22441423607814467,0.3224192684497418,129,16721.762012012012,-1100.5435435435436,32767,32768,27668
mac_far_sd_s15.csv,0.44063382219702624,0.12303211779357336,0.4363340600094005,0.5636659399905996,14,0.2737477233661365,0.2749208038079181,129,16601.1991991992,-1114.4311811811813,32767,32768,32767
mac_far_sd_s16.csv,0.43524355504817674,0.12322128190817547,0.44153516304364776,0.5584648369563522,20,0.2767461334581773,0.2675051065630793,111,16727.692442442443,-1182.6984484484485,32767,32768,32767
mac_far_sd_s17.csv,0.6009092963996886,0.11415792077201867,0.2849327828282927,0.7150672171717073,13,0.22276909686251362,0.34262769526374226,133,16681.9507007007,-1117.2452452452453,32767,32768,29164
mac_far_sd_s18.csv,0.6095801265205585,0.10627738153331197,0.28414249194612956,0.7158575080538705,10,0.20853985334644898,0.3505841382515746,108,16693.53153153153,-1093.3533533533534,30696,32768,24856
mac_far_sd_s19.csv,0.4727695325363808,0.12849978764683942,0.3987306798167796,0.6012693201832202,25,0.27424052197976156,0.29766393371977845,132,16683.00025025025,-1114.164914914915,32767,32768,32767
mac_far_sd_s20.csv,0.7061841791085459,0.10137050725439865,0.19244531363705544,0.8075546863629446,21,0.15758117628708057,0.3495403304909911,132,16715.87087087087,-1138.3773773773773,32328,32544,30948
mac_far_sd_s21.csv,0.6715784621063188,0.12420894935340011,0.20421258854028107,0.7957874114597189,11,0.19253289106694496,0.3465361088214659,111,16727.7515015015,-1165.870870870871,32767,32768,32768
mac_far_sd_s22.csv,0.5477803066782899,0.19085860867643262,0.2613610846452775,0.7386389153547226,17,0.21916929116593162,0.32097580996039743,95,16681.524024024024,-1110.086836836837,32767,29532,32767
mac_far_sd_s23.csv,0.6031652107143388,0.14252854274075166,0.25430624654490963,0.7456937534550905,23,0.1912538183358426,0.32577699864745097,146,16698.094344344343,-1174.8188188188187,32767,31012,30832
mac_far_sd_s24.csv,0.6026256282298423,0.09114933069945731,0.3062250410707003,0.6937749589292996,16,0.2305207538107472,0.3501789853613576,134,16753.598098098097,-1156.4514514514515,32767,31332,28784
mac_far_sd_s25.csv,0.6226359386424422,0.19522302419817955,0.18214103715937824,0.8178589628406217,26,0.17327774288913647,0.3421432655182251,149,16708.375875875878,-1180.8736236236236,32767,32616,32767
chain_med_sd_p3.csv,0.7836250258722811,0.14423686987851064,0.0721381042492083,0.9278618957507918,60,0.10251465456303249,0.385697814300229,656,16288.145145145145,299.51851851851853,31140,9416,12588
chain_med_sd_p4.csv,0.7749807935204089,0.14354449445898287,0.0814747120206082,0.9185252879793918,27,0.10795463950747441,0.34379702982769966,614,16251.391891891892,295.14414414414415,32767,17084,27300
chain_med_sd_p5.csv,0.7696078889101451,0.1422672754631162,0.08812483562673866,0.9118751643732613,52,0.11808444304076887,0.3124217112925478,688,16102.095095095096,288.62862862862863,32767,18248,32768
chain_med_sd_p6.csv,0.7721133016526622,0.14639265532294735,0.08149404302439038,0.9185059569756095,36,0.1343285779376965,0.3955977898417166,653,16280.282532532532,353.31931931931933,32767,16580,31568
chain_med_sd_p7.csv,0.640900339035674,0.21937592921152185,0.139723731752804,0.8602762682471958,71,0.16555137499095007,0.29269612650199506,605,16284.159159159159,382.35035035035037,30220,16812,25748
chain_med_sd_p8.csv,0.6506190006475931,0.22747662993452458,0.12190436941788224,0.8780956305821177,52,0.15330298545633514,0.25789665759198177,673,16247.578328328329,412.88788788788787,32767,30268,29392
chain_med_sd_p9.csv,0.6734529736642385,0.2055158672273629,0.1210311591083986,0.8789688408916014,81,0.1422184323884778,0.31539892391451213,608,16323.597597597598,333.3823823823824,32536,15852,23844
chain_med_sd_p10.csv,0.6615929980047223,0.222508916204484,0.11589808579079376,0.8841019142092063,79,0.13914501646778235,0.2932087573427166,641,16233.726976976977,353.5605605605606,32767,16464,27136
chain_med_sd_p11.csv,0.7731448123569625,0.1488692265584999,0.0779859610845375,0.9220140389154624,40,0.08468520447882534,0.3803095202252004,576,16312.455455455456,350.5085085085085,26128,4532,5780
chain_med_sd_p12.csv,0.7743620285438217,0.1391538941425961,0.08648407731358215,0.9135159226864178,74,0.12423282444849397,0.36176573542584556,618,16320.554554554554,276.2112112112112,32148,12700,21528
chain_med_sd_p13.csv,0.689669957296798,0.19961490814181115,0.11071513456139079,0.8892848654386092,55,0.1480327513807898,0.3232355088573971,604,16294.068068068069,432.3413413413413,26804,11256,18908
chain_med_sd_p14.csv,0.5706512278068744,0.24164002563831366,0.18770874655481185,0.812291253445188,56,0.18357464391403583,0.2801193451398872,433,16289.261761761762,423.1699199199199,32767,18920,32768
chain_med_sd_p15.csv,0.69998231863219,0.17465027157408836,0.12536740979372168,0.8746325902062784,16,0.16410183754413527,0.3097753561437593,589,16298.731731731732,326.42442442442444,32744,18708,31928
chain_med_sd_p16.csv,0.7461337912929255,0.1613783294234006,0.09248787928367398,0.907512120716326,65,0.11210202266015981,0.33749776688625327,752,16272.809809809809,460.44544544544544,25992,8044,12176
chain_med_sd_p17.csv,0.7380844254384791,0.1749810026436614,0.0869345719178596,0.9130654280821404,57,0.11838925772798425,0.32832732491127586,689,16304.549549549549,391.7917917917918,29024,10072,15996
chain_med_sd_p18.csv,0.7582153936159489,0.1547800059989641,0.08700460038508698,0.912995399614913,72,0.09909944656678164,0.34231396204667147,791,16301.20920920921,351.72472472472475,29936,7444,8500
chain_med_sd_p19.csv,0.681951432668733,0.21356584071183843,0.1044827266194285,0.8955172733805714,55,0.1369954354150288,0.314408813620014,628,16314.677677677677,352.31131131131133,27196,11032,19952
chain_med_sd_p20.csv,0.7656787283043096,0.1508569475767552,0.08346432411893513,0.9165356758810648,63,0.1035850347981844,0.33263232770601037,650,16298.511511511511,358.2282282282282,28988,9816,15960
chain_med_sd_p21.csv,0.7594150285379615,0.15951232305050872,0.08107264841152986,0.9189273515884702,43,0.10288939191083273,0.3459690884777104,607,16323.165165165165,365.1921921921922,25368,5132,7496
chain_med_sd_p22.csv,0.7603989707682246,0.1487190797814752,0.09088194945030018,0.9091180505496999,40,0.10543650512118495,0.3570993319149156,727,16305.342342342343,352.8058058058058,25628,6704,10164
chain_med_sd_p23.csv,0.6819524192602302,0.20478918103537008,0.11325839970439978,0.8867416002956003,20,0.1605819977425058,0.3026742317424209,591,16319.924924924924,351.55555555555554,27632,16600,28728
chain_med_sd_p24.csv,0.681478113702088,0.2027327807030942,0.11578910559481774,0.8842108944051822,61,0.15866161876987644,0.30540389151664765,635,16330.403403403403,329.93293293293294,25576,11308,18588
chain_med_sd_p25.csv,0.7083474166595003,0.17315878638698062,0.11849379695351907,0.8815062030464809,22,0.1447718010162577,0.3228004697572787,621,16326.308308308307,315.74874874874877,27172,11488,20560
chain_far_sd_r4.csv,0.8452019982148556,0.10748233909993556,0.04731566268520884,0.9526843373147912,50,0.07993364160586701,0.4234525042171021,664,17461.23123123123,-1208.13013013013,23208,7824,6568
chain_far_sd_r5.csv,0.8706800798595313,0.0845700081773471,0.04474991196312158,0.9552500880368784,36,0.09157506914876296,0.41387479659726417,620,17471.797797797797,-1192.8298298298298,24952,11524,11288
chain_far_sd_r6.csv,0.8658489142689495,0.08069312462800081,0.05345796110304963,0.9465420388969503,43,0.07852862142212842,0.4374971693538019,743,17471.232232232232,-1185.8348348348347,22680,4348,4900
chain_far_sd_r7.csv,0.852748939861485,0.09476464630209731,0.0524864138364177,0.9475135861635824,21,0.08582943915849925,0.4440058244037895,419,17468.04204204204,-1171.4134134134133,21568,3656,4052
chain_far_sd_r8.csv,0.8546279071939852,0.08970999620412741,0.055662096601887326,0.9443379033981126,47,0.09130271853790743,0.4240419259176544,704,17482.526526526526,-1189.028028028028,20720,3032,3320
chain_far_sd_r9.csv,0.884717579678371,0.07116426605650275,0.044118154265126386,0.9558818457348737,36,0.08632760161372599,0.4538029740327679,553,17506.543543543543,-1212.6146146146145,30692,7560,8360
chain_far_sd_r10.csv,0.846711161878935,0.09733803171358975,0.05595080640747525,0.9440491935925248,50,0.0870507202631374,0.4441546160648336,658,17522.467467467468,-1173.7837837837837,23596,5508,7080
chain_far_sd_r11.csv,0.8779460193148088,0.07253098059488206,0.04952300009030918,0.9504769999096908,39,0.0811578710818604,0.46398582183571235,511,17474.47947947948,-1206.2822822822823,31900,4356,6664
chain_far_sd_r12.csv,0.8871407619323376,0.07155466343639096,0.04130457463127141,0.9586954253687285,45,0.07293286334247688,0.4448552209785372,804,17434.640640640642,-1205.5735735735736,29732,4904,5008
chain_far_sd_r13.csv,0.8767385422512007,0.07146173323929893,0.051799724509500315,0.9482002754904997,35,0.0851187172505537,0.44462704705535977,645,17498.02902902903,-1200.6646646646648,28444,7168,6912
chain_far_sd_r14.csv,0.8953542118711547,0.06555109119459772,0.03909469693424752,0.9609053030657524,53,0.07930693590168802,0.4304446292877022,631,17599.37337337337,-1226.11011011011,32268,9264,6512
chain_far_sd_r15.csv,0.8620235081067237,0.08733663687985645,0.05063985501341991,0.9493601449865802,43,0.09742644914127382,0.4289279786660597,609,17485.173173173174,-1180.5475475475475,31216,13656,9612
chain_far_sd_r16.csv,0.8900973211390467,0.06846649628065518,0.04143618258029815,0.9585638174197019,30,0.07726485550901922,0.4501859225042408,698,17493.329329329328,-1189.7447447447448,28796,5008,4960
chain_far_sd_r17.csv,0.8784119712077951,0.07658353994080536,0.04500448885139951,0.9549955111486005,26,0.0806875775264665,0.43570972758281645,605,17545.02002002002,-1264.0240240240241,32080,9440,8120
chain_far_sd_r18.csv,0.8798679821930445,0.07514004157683765,0.04499197623011787,0.9550080237698821,46,0.08792105583849752,0.4367543236560932,647,17588.60985985986,-1203.3893893893894,32767,17968,9136
chain_far_sd_r19.csv,0.877945735904731,0.0758215294380289,0.046232734657240135,0.9537672653427599,36,0.08949514818512384,0.43525765853666654,540,17502.358358358357,-1221.3203203203204,31344,14452,6792
chain_far_sd_r20.csv,0.8825228822788438,0.07620690168573796,0.04127021603541825,0.9587297839645817,61,0.09097603295350011,0.424647774145884,796,17455.565815815815,-1238.3983983983983,32767,15816,9176
chain_far_sd_r21.csv,0.8917319325519009,0.06695824611495685,0.04130982133314226,0.9586901786668577,36,0.08945244715847718,0.43540712793682196,668,17493.834584584583,-1220.8978978978978,32767,18668,10792
chain_far_sd_r22.csv,0.8846025873018791,0.07315659749592696,0.042240815202193915,0.9577591847978061,72,0.08642093976173397,0.43060281668683476,791,17436.961711711712,-1230.2982982982983,32767,18024,13216
chain_far_sd_r23.csv,0.8675668430751465,0.08220130954263705,0.05023184738221634,0.9497681526177836,71,0.08992858415729055,0.45498649780381367,683,17502.432432432433,-1184.7307307307308,25544,10720,8204
chain_far_sd_r24.csv,0.8724017082294275,0.08527811373494258,0.0423201780356298,0.9576798219643701,44,0.08407943295603357,0.475776066671481,633,17479.930930930932,-1152.1211211211212,26052,8864,6284
chain_far_sd_r25.csv,0.8883372230081739,0.07051754064778618,0.041145236344039986,0.95885476365596,58,0.0936944696831832,0.40518638212188807,684,17513.996996996997,-1194.2452452452453,30416,10684,7572
